"","text"
"1",""
"2","never forget protect jordanian gives magic touch kingdom"
"3","new posts coming soon"
"4","icelands hidden elves delay road projects"
"5","liquid water beneath greenland may swell sea levels"
"6","just looking"
"7","great christmas everyone signing festive period back soon glasgow christmas"
"8","study dolphins oiled areas gulf â sickâ"
"9","water waste ideal standard expose uk water wastage"
"10","kul att höra"
"11","grenoble la grève des éboueurs se poursuit ième jour des tas dordures sentassent en ville ematin"
"12",""
"13","get presents federal government year says"
"14","nominees"
"15","mt"
"16","princess natural royal tartan red cumberland lovelse"
"17","carbon targets help uk save £bn year"
"18","cracking day glasgow pictwittercomerrbzhyhr"
"19","naturalcapital economic activity inherently linked biz run isolation"
"20","altafulla canyadell igerscatalunya igerstgn nature baixgaia"
"21","check doublecheck triplecheck giving speech ancient environments neareast unipictwittercomgtjndrx"
"22","outside activity comfort office music colour variety surround things value u mmmuk timemanagement"
"23","providing positive energy mmmuk timemanagement"
"24","sunday sunset daventry photography colors"
"25","nos partenaires sengagent aussi pour l à commencer par"
"26","proud received certificate europaeums forum international water week climatechange unsgab climate"
"27","good morning glasgow cracking start day sunrise pictwittercomubpksugcir"
"28","evakotatkova maogallery exhibition modernartoxford gallery wire cage speech"
"29","worried flooding area add"
"30","precycle important recycle quote"
"31","anyone know allowed put bogeys food cady try green recycling"
"32","love hear opinion jordanians"
"33","lacking capacity smile claire done good tho fieldtrip uni falklands"
"34","earth flags campus send wishes wind greenday educationpictwittercomtrbjjbo"
"35","dusk chorus full swing climate studiood"
"36","secondary students race recycle green day assembly education greendaypictwittercomglmejat"
"37","project urban forest coming early nationaltreeweek glasgow treepictwittercomhvunotbv"
"38","mission protect diamond"
"39","theworldneedsmore responsability globalwarming"
"40","good luck everyone shortlisted"
"41","new study car selling mobility selling need car great marketing automotive nsmadp"
"42","good countryfile emphasising role scientists engineers production food protecting"
"43","day"
"44","excited final presentations today palaeobotanical research syrian vegetational remains research reconstruction"
"45","ecologist dr tundi agardi"
"46","rich countries pay damage globalwarming"
"47","clean clean body clean mind clean dealings clean worship clean friends clean fun cleanliness everything"
"48","today"
"49","big thanks new followers almost followers help grow community glasgow"
"50","outside fresh air feed ducks pond nearby nature bread birds"
"51","sunday recycle time"
"52","drastic improvement old car park merchant city art nature glasgowpictwittercomfykrfbghb"
"53","think long animal species need lawyer claim back destroyers"
"54","want know leading trends results based finance climate development join us today"
"55","message jordanians much wish healthy sustainable future"
"56","found grasshopper room threw window hope survived sustainable pictwittercomhuxeydwjhs"
"57","don mcintyre"
"58","colin morrisson"
"59","car future test driving one month"
"60","donaldtrump son heads court scotland block proposed wind farm donaldtrump vs views please"
"61","may east"
"62","martin powell mentions cities size glasgow doubling size next years"
"63","check climate ready clyde publication"
"64","gordon matheson launches climate ready clyde action plan"
"65","just kick"
"66","jumeirah st complex dubai material board textures tone brainstorm architecture"
"67","time tomorrow"
"68","uk plymouth waterfalls magical incredible wonderful batten bay mountain forest"
"69","amsterdam netherlands bike town save grab umbrella one designed"
"70","jazz jazzclub ferrara wall wonderful music restaurant cool"
"71","winner kairosukconference comp cleantech education goes"
"72","change jordan needs"
"73","earth streetart graffiti"
"74","new blogpost almost stay tuned people fight litter now"
"75","responsible gogreen drink tap water nature green office worklife"
"76","revista de la comisión europea dedicada especies invasoras inglés"
"77","galatasaray cimbom ask business love commitment sector group een"
"78","inspiring forum iwwamsterdam sustainability water pictwittercomljqebhicgv"
"79","transforming water treatment systems sustainability iww efficiency plants awareness forumpictwittercommcqjt"
"80","walking talking people berlin yesterday great success endingecocide action thank anja wonderful crew"
"81","home katekicksbutt british bblogger afternoon lunch university uni home"
"82","trees shield vulnerable species climatechange"
"83","loving life loving treating others love gratitude"
"84","interest report"
"85","made"
"86","blogging"
"87","excited europaeum climatechange international forum workshop amsterdam hotel rooms already taken care"
"88","nice nice evidence based studies done trams aberdeen proventechnology transport economy"
"89","support wealthy future jordan start fighting litter inequality nothing impossible"
"90","talking pollen climatechange"
"91","discussion climatechange projections"
"92","thanks connect"
"93","need inspiration thesis project something within politics economy nexus anyone"
"94","edenproject sustainable living green goodness cornwall"
"95","osborne agrees china nuclear deal"
"96","green week bulgari setmana verda green"
"97","bit companies greenbusiness"
"98","people care energy costs peers"
"99","dog house sounds like chicken killed fox"
"100","nhsroadshow great day far looking forward part health greatspeakers"
"101","cracking sunrise glasgow morning glasgow sunrise pictwittercomawriymmxdb"
"102","everything served plastic plates cups cutlery green"
"103","many ideas campaign ready worcester p teamvgo fashion worcester"
"104","first campaign building sustainable generation teamvgo come worcester worcester green"
"105","websites gone live smartphone gardening"
"106","iraqs kurdish daily khabat high school teachers sirwan started go school bike save sulaimania kurdistan"
"107","vegbox local"
"108","lezione di clima scuola school clima climatechange sustainability milan parini"
"109","agency says flood alerts place boroughs lewisham greenwich bromley croydon low lying land roads”"
"110","car seen st vincent street future cyclists won glasgow cyclingpictwittercomijlwheb"
"111","city sustainability everything"
"112","comunicato"
"113","dead trees westerlopictwittercomvxasexetj"
"114","belize fights back uninvited guest"
"115","years climate calamity carry blowing carbon budget temp rises degrees yrs"
"116","go green anthurium apple organic natural bio earth nature life"
"117","worth climatechaos energy"
"118","tivoli er miljøbeviste tivoli miljøbeviste vand water good sweet sweettimes"
"119","fantastic seda green drinks event tonight rolf roscher speaking"
"120","votes"
"121","natural shopping spree london"
"122","pedal powered laptop charger preflight workout genius exercise"
"123","public transport surfboards surf rage europa bus centre surfrage co publicareretarded"
"124","brussels car day greenpeacefulserene love city journeesansvoiture happysundaypictwittercomqilkvcew"
"125","brilliant way encouragin ppl use bikes n public transport innovation smartidea savefuel greenpictwittercomrsyyn"
"126","amazing atmosphere even better food"
"127","green living wall ruben hotel london herbaceous plants london glasgow livingwall pictwittercomxbrkvglnq"
"128","amusing"
"129","speaking outdoor ever consider electronics last specify solutions specify using internationalstandards"
"130","ambitious plan restore high peak moors"
"131","sgp goes london stay tuned blogging"
"132","huge tidal energy project approved"
"133","eurobasket perfect fireplace beer junaki chill area hotel bar"
"134","just saw magic van"
"135","exide landfill tx shows need stay alert watch silent spring keeps happening"
"136","great garden found"
"137","need devise new methodologies refresh teaching academic potential digitial engagement"
"138","reduce reuse recycle key steps healthy"
"139","sure enjoying costa coffee experience much location"
"140","investing family farmers feed world empower youth women protect"
"141","help friend"
"142","japan nplant radiation levels hit new high"
"143","investinginourfuture greciaitalia erdf fesr puglia ue europe ecoturismo ambiente ostunipictwittercommnnpjh"
"144","fantastic community project west end called coach house trust check glasgow pictwittercomsiakrrmb"
"145","train going past remains readingfest crazy amount pf litter think"
"146","need know fracking"
"147","cycling popular netherlands safety"
"148","traffic energy shipping aviation physics photography astronautics astronomy pic"
"149","humans – real threat life earth"
"150","marley wood alluminum respect play hard music summer sun sea"
"151","bottle say glasgow waste recycle flinginsminginpictwittercomzwgxwzwre"
"152","oteando el horizonte dogs animales animals perros sinfiltro colours pueblos"
"153","inspired take action litter week follow us keep date litter week action flinginsmingin glasgow"
"154","scotland average bottles cans found along every metres major roads glasgow flinginsmingin"
"155","check new infographic"
"156","girl pearl smog rome streetart art italy smog vermeer popart girl"
"157","operator crippled japan nuclear plant says tank leaked contaminated water"
"158","pollution nature industrial factory production air help danger airpollution"
"159","supercomputers kth also used heat buildings nearby awesome energy"
"160","olympic stadium never hostile work anyone lgbt russia putin humanrightspictwittercomshsxkhrex"
"161","pictures sustainable pearl farming"
"162","soon disappear s houses greenbelt"
"163","terrifying disaster nuclear"
"164","awesome recycle go bin capital peterborough rotg litter nice advice dogwastepictwittercomgojqty"
"165","uolli mission videostagram instavideo green urbanpark smart cittasostenibile rc"
"166","just walked passed brilliant community garden west end check glasgow communitygarden pictwittercomdynwvonp"
"167","great interview"
"168","talking"
"169","holiday spain sense anyone recycles even considers"
"170","vikings us"
"171","absolutely stupendous effort serious matter"
"172","cents today sacred spring divoran lites christian romance fiction"
"173","donald kaniaru land basically life kenya"
"174","lifedrawing last night hour sketch art doodle scene vintageemporium"
"175","lifedrawing last night hour sketch art sketching doodle sketches scene"
"176","ambiente architettura cementificazione"
"177","really starting get tits rage waste hot work evertonian"
"178","nations designate antarctic marine protected areas"
"179","climatefriendly cup coffee"
"180","gonna move away existing host family lived months unforgettable nice people"
"181","tagcloud arpat keywords binstoxic"
"182","tagcloud arpat keywords bathing sea"
"183","last idea coming bihac bih ilab tackling issue talking national park una"
"184","tagcloud arpat keywords majoraccident hazards seveso"
"185","tagcloud arpat keywords groups greenpeace wwf legambiente greencross"
"186","tagcloud arpat keywords today airquality"
"187","tagcloud arpat keywords today arezzo"
"188","rd tendency remove oil hydropower turbines strong viable innovation eu"
"189","tagcloud keywords arpat today asbestos"
"190","maybe little bit crazy lovely video via"
"191","tagcloud arpat keywords groups greenpeace wwf legambiente friendsoftheearth"
"192","tagcloud keywords arpat today groundwater"
"193","keywords tagcloud arpat today seawaters"
"194","love walking past foxglove every day work urban anyone know xx pictwittercomuglzapig"
"195","nature photography good bad"
"196","flor"
"197","leaving shit trail cool ride respect pictwittercomgekqmimwa"
"198","photograph largest landslide ever recorded united states"
"199","london bound lovely little shoot norfolk"
"200","great barrier reef world heritage danger"
"201","meridiana ora solare solar clock renovable energy"
"202","recycled coal plant waste cleans oil spills"
"203","gowanus canal pollution photos william miller show devastating beauty toxic channel"
"204","brazil alert ecuador spill pollution development geographyteacher"
"205","meet worlds best new bloggers"
"206","teens build electric car fueled social media"
"207","sailor fridays post already available check oit"
"208","bridge gap development colombia ftcolombia esg mining oil indigenouspm sustain"
"209","views help make europe become recycling society"
"210","know ur theme"
"211","day junephotoaday venice okay themes really weird"
"212","photoaday"
"213","photoaday day"
"214","svetski dan zaštite životne sredine jun protect green pictwittercomnncovin"
"215","recordad queridos followers que hoy es el dia mundial del medio ambiente days left azores"
"216","day everyone using vehicles tututut gibraltar"
"217","celebrating world day focus food"
"218","welcome ibge next years rosestudio interiors innovative work spaces"
"219","good debate"
"220","nature becej beauty serbia beograd belgrade dubai uae pickoftheday picoftheday"
"221","mushroom nature becej belgrade beograd beauty serbia picoftheday pickoftheday"
"222","wow limport des énergies fossiles coûte aussi cher que le déficit de la france mds ecologiehumaine"
"223","nature tree tbt travel tagsforlikes picoftheday pickoftheday becej belgrade"
"224","mushroom nature becej beauty beograd belgrade serbia insta instagood instamood"
"225","new city district emphasis water ecology stockholm"
"226","buggarden bughotel green gardening hunterwellies red"
"227","white cliffs needles park iow isle wight nature protection uk gb"
"228","make way forest drive cars quicker trees eco destruction"
"229","humans natural prosper important exchange ideasshare knowledge work together none judgmental ways"
"230","one study never enough climatechange anything else climatechaos"
"231","geotermal energy tuscany air quality"
"232","pictures seven energysmart zoos aquariums"
"233","act now avert global water crisis"
"234","purity concerns german beer brewers foaming fracking"
"235","must stopped"
"236","rainbow colors rain winter spring nature beauty peace picoftheday pickoftheday"
"237","thawing tundra may produce less co"
"238","xlnt meeting late pm minister attwood"
"239","average humanity built one large dam every day last years"
"240","smells terrible must bad interesting contrast sunset"
"241","industrisl movilgrafias madridgrafias instagram instagramers iphonesia iphoneonly"
"242","oped gamma rays grand canyon"
"243","geen megastallen demonstration animals animal testing protest welfare"
"244","satellite data helps pinpoint glaciers role sea level rise"
"245","enjoying peaceful architecture arab sevilla spain casadepilatos"
"246","youth find personal professional growth working biz improves society"
"247","onethird animal species hit climatechange scientists warn"
"248","solar panels inexpensive paint"
"249","lone ты словно весна ireland spring nature beauty nice dublin kh school"
"250","plastic cup stacking crime rugby supervisor sevensrugby londons"
"251","shocking google earth gifs human impact earth"
"252","tree square city life communities community society health wellbeing nature"
"253","timelapse video shows changing face planet mental changingtimes"
"254","wind turbines puglia sustainability maypictwittercomfmbcenld"
"255","crucial healthwellbeing natural green economy gets political status funding deserves"
"256","iucns red list criteria makes ecosystem endangered"
"257","literally friendly gogreen"
"258","gulf long history oil spills coverups"
"259","big shoutout new friend"
"260","art research art research earth ink sketch skull transfer collage"
"261","arctic ocean acidifying rapidly"
"262","back car"
"263","landmark photography changing"
"264","reusable cup worth £ introduced starbucks week use earns p price coffee"
"265","upper intermediate students running dictation elt esol efl teachingpictwittercomphgagoer"
"266","investment green economy natural leps lnps bring local national economic social benefits"
"267","much aviation issues going mind"
"268","burn planet face financial meltdown much choice"
"269","miljøagenter på storesand miljøagenter hvaler skjærgård"
"270","little things harming planet"
"271","earth day things everyone"
"272","weekend doorsteps brampton grafham perry campaigning housing health transportation"
"273","need change approach obesity epidemic focus irresponsible profit seeking"
"274","keith recycling centre planetearth fencespictwittercomimfzncnge"
"275","good debate tonight black bull brampton may elections topics covered housing health cycling dogs"
"276","letter gove juniper attenborough et al urging watering climatechange education"
"277","first climatechange now cut curriculum england gove disaster"
"278","charming isabel hilton introduces sam gealls new book china freeworld chevening scholars guests"
"279","book launch china sam geall chevening ukpictwittercomwrxblnorzd"
"280","new social progress index aims put society top political corporate agenda"
"281","keep young beautiful go litterpicking great exercise good"
"282","climate waste found new products waste container people think make effortpictwittercomamnzboqf"
"283","snow snow snow april london uk weatherman spring globalwarming globalwarming"
"284","mayfair mayfair mountain mountains flower flowers spring nature plant plants"
"285","spring coming spring sun sunset trees city skyline city cityscape nature"
"286","sea sky sun cliffs amazing view beautiful scenery instaphoto sunset green"
"287","research scientist"
"288","listening sir jonathon porritt climatechange nusslconv"
"289","ocean array clean tons plastic dnews"
"290","props"
"291","spring time bulbs flower feel suns warmth maybe climatechange pictwittercomhxjfcqnk"
"292","going green growth something attend economy allows"
"293","lördagsplugg med kamasoa earthhour chalmers candles unplugged bananasareformonkeys"
"294","pictures dipping unspoiled rivers"
"295","skiing something past near future globalwarming globalwarming skiing wintersports pollution un"
"296","trying paper made stone repap ogami ehs"
"297","cloudy london go tree planting spitalfieldscityfarm"
"298","video greening workplace begin individual behaviour"
"299","commonwealth investment platform reception royal commonwealth society energypoverty"
"300","interesting marine pollution lecture marinebiology university interesting conservation"
"301","beautiful day"
"302","even though taken car town decided take bus take bus u leave car home"
"303","hope threatened tasmanian devils"
"304","recycled tiger made milk bottles stpancras station london pictwittercomgcvfrsmo"
"305","today international energy efficiency day something good"
"306","lovely day inspired look ecobuild"
"307","business leaders call radical action value nature"
"308","michigan seminar health water plants serbia učenje pictwittercomjvvkjnlzaa"
"309","acute oak decline must remain high research action prioity within government defra forest research agri schemes"
"310","oh dear apparently nobody cares anymore"
"311","spring time finally life weather globalwarning"
"312","day green local veg market weeks food without use plastic bags carried fabric bags gogreen eco"
"313","new arctic thinning ice changing ecosystem"
"314","first day veggie sun shining village feeling good sun vegetarian home gogreenweek"
"315","wanna tree destruction marseille nice drawing picture art"
"316","shfpw oceans"
"317","scientists explore options polar bears face new threats"
"318","shfpw days go needed"
"319","shfpw want save whales"
"320","shfpw safe haven"
"321","window light window sintra shadow"
"322","mood water catchment coursework"
"323","instaphoto instagram sunset nature colors instacool"
"324","now responding pollution incident affecting stillwater berkshire fisheries officers site investigating"
"325","morning sun showed sun sky harbor ship industrial copenhagen denmark"
"326","awareness sensitize aceofspades"
"327","good idea recycling old unwanted books garden plants herbs decorations design london pictwittercomslcrfc"
"328","forests fells water man nature nuclear fuel dumps cumbria"
"329","gardening green plants herbs growyourown landscaping recycling reusing homedecorationspictwittercomyqklmbjn"
"330","helping business protect best equipment provide canon apogeepictwittercomgqbqvvtt"
"331","cameron says wants return issues uk disastrous water habitat directives crucial protection"
"332","pictures trout vs trout yellowstone lake"
"333","inspiring change may able save future"
"334","nice installation bmw iwindow installation digital buzz blog"
"335","begreen pictwittercomckqikvht"
"336","love nature hippie treehugger animals"
"337","year best abandon natural world"
"338","s top five affordable ecofriendly cars"
"339","polar bear row splits campaigners"
"340","one criticism though photocopying doublesided limmud green"
"341","looking fwd move germany take green energy efficiency seriously built utilities trash"
"342","ål på julbordet tråkigt att inte statligt ägd verksamhet kan låta bli casinocosmopol eel endangerd pictwittercombrhybppp"
"343","fracking fife fife scotland fracking pictwittercomhqvxuwy"
"344","bmw parklane iconcept eco car design london alsothisislondon"
"345","interested check films queen sun dirt"
"346","israel oecd israel successfully implementing oecd policies waste chemicals"
"347","time think seriously future work family life"
"348","last place wanna right now shit cold tired"
"349","money shalegas extraction frozen fuel tax climatechaos come shambles"
"350","bee hives"
"351","high rise flats"
"352","need use artificial christmas tree years better real tree"
"353","recs follow appreciated info like politics union law type stuff"
"354","wellies making way fox hollies forum centre support local people sowgrow cook site"
"355","globalwarming threshold °c earth currently °c b reaching nonreversible damage °c cleanwebit hackathon roma"
"356","amazing swimming proboscis monkey"
"357","born minding business woods taking nice"
"358","bigger picture decarbonice eco art"
"359","think globally act locally going green"
"360","kindred spirit magazine january article intuitive soul analysis soul plan spirituality happiness hypnotherapy"
"361","getting know urban shardend today going mini beast hunt year pictwittercomrnvfvjm"
"362","plumereau place tours france old vintage nostalgia pictures photofth"
"363","needs electric blanket send dog bed mins warm pictwittercompzeodho"
"364","sustainability training constructionlaw"
"365","anyway today roots shoots am young guest host check totnes fm"
"366","videomeeting flysmaland live job"
"367","videoconference flysmaland love jobpictwittercomgjvtvxh"
"368","factories german countryside turf roof small ideas make meaningful difference norm dammit"
"369","hi"
"370","bit extreme ask pictwittercompdxujsjr"
"371","swishing event"
"372","begreen nature newplants landscape tiemmesrl greenway natura alberi tiemmesrleupictwittercomrvapjnt"
"373","oi osbourne worried economy stupid"
"374","sad news st uk report feb"
"375","ec dg susin new strategy intro dynamic standards requiring continuous improvement going beyond compliance thinking"
"376","ios developers interest need urgent help app mine wkend beerpizza fame return"
"377","cash cow milked every opportunity c för iata ang att betala ghgemissions är killen cp"
"378","lessere umano ha bisogno di ambiente adatto per rivelarsi educationandarchitecture humandevelopment"
"379","es energy engineering"
"380","currently reading"
"381","anyone cardiff fill help make difference"
"382","¿todavía visto el post nuevo te lo pierdas"
"383","new post blog waves development"
"384","many times love many loves make life love life thingswegoogle social wellness"
"385","pine natura pi nature pine wet pluja water rain aigua green verd reus l"
"386","bebomber valle daostasky"
"387","nogmo nopesticides noclothianidin nomonsanto yesorganic yeslocal savebees natural ff"
"388","black natural reserve mauritius nature forest sky cloud"
"389","relief onethinglesstoworryabout recycling takentoday isawishot hotelcu"
"390","need protect nature god created way meeting sthlm airlines godscreation"
"391","gm cows make low allergy milk health newzealand governments shoulders intervene tó protect áll us"
"392","salmonella found dutch fish health netherlands eupoli europe health good choiceeat beef tonight"
"393","half coral lost barrier reef grave times australia climatereality climatechange southpacific"
"394","tree rings show amazons rainfall climate climatechange cliamtereality earth southamerica forest"
"395","sustainability bad"
"396","brunch chill music bar concept"
"397","deceptively simple image hides sinister tale story anthrax island history scotland"
"398","winner award richard seeber mepawards"
"399","amazing"
"400","grow rooftop garden wring pollutions neck egypt"
"401","hang outlet little shelf unplugged plugs genius via"
"402","lake moments lake landscape sea panorama nature"
"403","rainysunday woods"
"404","neighborhood building poland"
"405","cloud morning buurt wolken omgeving lamp huisen sun zoon"
"406","artic sea ice climate canada climatereality vancouver sun"
"407","dear owen open letter new secretary guardian science editor"
"408","film makers willing share shorts around food community projects transition forestfoodfest"
"409","arctic melting amazing speed climate climatereality news important earth europe"
"410","tens thousands dead fish rotting lake erie shore"
"411","lighting order today loving considering best light wine display cabinets business"
"412","schools back look empty seats teachers cars makes wonder taught education"
"413","fav national geographic society london green wow magazine"
"414","support thanks"
"415","arctic sea ice reaches record low news greenland climatereality"
"416","giussano lake freshpictwittercomxlpalo"
"417","done little bit morning installed hippo toilet cistern"
"418","might even chuck green waste bin"
"419","garden garden nature relax green dublin ireland photo insta"
"420","roses nature flower garden park beauty love romance photo insta instagram"
"421","wonder car park full freeparking access incentive cars just go elsewhere pictwittercommviomu"
"422","think government councils need help cities freeparking access pictwittercomjkpvuel"
"423","cities green spaces look like rubbish bins norespect disusting whosgonnacleanup"
"424","via"
"425","chimney industry civilization ekology wroclaw siechnice polska poland"
"426","forest foxesforest flower steps step wood wildlife trees tranquil pea"
"427","forest trees tranquil foxesforest green wildlife portsmouth pretty sun"
"428","quality health safety qehs auditor required"
"429","subsidise gas"
"430","summers harvest flickr"
"431","another way go green grass cars london"
"432","cocacola pursued rigorous widely applicable ho reuse recovery program"
"433","tree nature tree boom natuur landscape sun summer sky fresh r"
"434","bit today staff efficient driver training best far mpg"
"435","capture londons sustainability photo win amazing prizes cayphoto"
"436","thunder walking work drama"
"437","sun behind clouds sun cloud clouds poland"
"438","virtual classroom part online learning ischoling n"
"439","jun averigua la cantidad de fondos que se destinan bioeconomía los dejarás pasar kbbe fp"
"440","moseley protestors halt demolition landmark tree birmingham biodiversity"
"441","earth risks irreversible change"
"442","scotland announces climate justice fund worlds poorest"
"443","lake rocks hdr"
"444","hac photo seeding lightness"
"445","ikea greece wwf event hipstamatic helgaviking kodotxgrizzledpictwittercomdhwlsc"
"446","todo dia respiramoscomemosprecisamos de água limpa ou seja necessitamos dos serviços ambientais dos ecosistemas"
"447","lake rocks"
"448","blue lamp"
"449","ozzy friends junk stockholm iphoneonly plastic concert"
"450","learn recovery mount st helens ecosystem"
"451","paper imballaggio di carta riciclata e riciclabile buona idea"
"452","londondays green angle"
"453","obehaglig påminnelse om överkonsumtion skyskrapor av skräp kan bli framtida bränsledepåer för storstäder"
"454","arctic melt releasing ancient gas"
"455","phd studentship opportunity health sustainability publichealth"
"456","london days macro squirrel parttwo"
"457","london days macro squirrel"
"458","bet love"
"459","london days squirrel"
"460","london days flowers"
"461","london days fuchsia trees"
"462","lol gag"
"463","reducing impact mean work xerox office solutions blog"
"464","memory autumn fall"
"465","memory autmn"
"466","twitching urban birder"
"467","public understanding climatechange getting warmer"
"468","appreciative enough last months weather phil hogan sent snow wind yesterday lovely weather back today"
"469","last job day take garden waste tip along recycling recycle doingmybit"
"470","world landmarks dimmed earth hour highlight climatechange"
"471","declining bees toxic insecticides sources complex story"
"472","call artists great turning artful inquiry invitation"
"473","hecsbc la conférence smart cities smart sustainabilities cest parti suivez"
"474","fantastic personalities coming blue economy action event challenge change"
"475","difficult people recycle paper easiest one"
"476","massive hindu pilgrimage melting sacred glacier"
"477","orangutans stressed ecotourists long study north borneo finds"
"478","niger creates africas largest protected reserve"
"479","foreclosed rehousing american dream"
"480","stunning idea chicago unveils plans elevated bloomingdale trail park sky"
"481","rising sea levels growing risk coastal us study says"
"482","avatar grown version fern gully"
"483","concern sumatran rhino rouses clean energy drive malaysia"
"484","photographing climatechange africa"
"485","apple green"
"486","glass waste collection point bologna snow storm flickr green"
"487","thanks just started following us lots waves london conservation socialmedia"
"488","animals keep climatechange"
"489","finished reading let people go surfing education reluctant businessman yvon chouinard founder"
"490","definately stop making yellowpages anyone ever use days carbonfootprint wasteofmoney"
"491","latest gmo monsanto news"
"492","photos rivers run dry overuse"
"493","worlds economies rank – collapse first"
"494","espacio público urbano ocupación y usos"
"495","just ran past writhlingtonschool lit like xmas tree wasteofenergy wasteoftaxpayersmoney"
"496","review year"
"497","audioboo ecoeir talk wind turbines irelands green potential"
"498","clay pot balcony alternate layers potting clay compost great way handling organic waste recycle green"
"499","audioboo alr create new recycling technique lcd monitors"
"500","betjemans beloved kennet runs dry raises fears englands rivers"
"501","warming arctic permafrost fuels climatechange worries"
"502","pictures twelve carfree city zones"
"503","south parks song blame canada never truer sustainability politics globalisation"
"504","nuovo tutorial sull di logic oggi si va di transformer sempre"
"505","stop making seater cars like seem just perfect green science dinkspictwittercomzvotxdj"
"506","impressive ethical southwarkcouncil building today toilet flush water harnessed rooftop rainwater"
"507","happy"
"508","missed ltd ed designer tshirts showroom via sacchi milan till xmaspictwittercomhxxgtjlq"
"509","next stop store vsacchi cocktail vi aspettiamopictwittercommpmnray"
"510","need hands"
"511","advertising aping art japing built"
"512","apparel company patagonia asks customers buy less"
"513","takes person day get use jet lag"
"514","two great campaigns change visit now via"
"515","frozen planet david attenborough bbc now incredible"
"516","pictures ten least crowded places world"
"517","know"
"518","frozen planet ultimate must viewing wednesdays documentary film"
"519","contribution"
"520","keys ecosystem threatened multiple stressors"
"521","new hybrid busd spotted hellerup never seen one cool buss"
"522","kan dette bli like stor suksess som med bysykkelmodellen"
"523","giving cycling hard takes willpower tips help s sake"
"524","amazing thing norwayrecycle plastic bottle machine available everywhere get krone nature recycle"
"525","primera collita de compost nature"
"526","sheffield highlights clean jeans zap pollutants round wearers"
"527","google continuously uses million watts electricity"
"528","true"
"529","awesome speech"
"530","earth dies die die earth survives tippingpoint"
"531","shell companies met minimum nigerian requirements standards shell oil"
"532","hidden ills today future generations judge us harshly guess plastic"
"533","sweden nature tree wood sevipan forest"
"534","bp sponsor royal opera house"
"535","greenbelt conservation progress crosby pic"
"536","interesting information mercedes vito ecell electric travel future eco green"
"537","important aspect buy van work price mpg"
"538","first"
"539","biolab bio experimentation high school students"
"540","anybody count cost breathing function"
"541","watch awesome thanks"
"542","just introduced switch light pantry leave energy"
"543","gardening organic enjoy evening everyone time bit watering hope everyones enjoying long weekend andy"
"544","sunday hard work gardening organic ecology"
"545","zodiac neal stephenson one hell awesome book ibooks thriller lesebefehl"
"546","shale gas green oil companies say"
"547","beautifully written detailed piece"
"548","la waterless city"
"549","bp really cleaned gulf oil spill"
"550","japan upgrades nuclear crisis level chernobyl"
"551","facebook share green tech info"
"552","ways conserve water"
"553","reduction green space british citys"
"554","well reaction net loss climatechange fisheries wildlife conservation ocean"
"555","want pet sliver fox spent years russia domesticating level dogs conservation"
"556","eco tourism good idea conservation"
"557","lovely"
"558","bees disappearing good sign frifotos ecocide"
"559","hey toronto happened toronto"
"560","mentions stansted airport hydrogen vehicle trials lots"
"561","ggys innovates french deputy g globalchange youth innovation"
"562","arctic sea ice extent march"
"563","changing way business preserve natural resources reducing waste recycling possible"
"564","work go"
"565","ecobuild comments drilling"
"566","latest health news eu ready eyes right"
"567","new exhibitor geodrilling welcome engcon uk wwwgeodrillingshowcom drilling borehole piling energy"
"568","green isa plans threat banking"
"569","new exhibitor geodrilling welcome fusion group check exhibitors wwwgeodrillingshowcom boreholes water"
"570","average monthly arctic sea ice extent jan"
"571","wow delegate bookings flying registered yet attend free wwwgoedrillingshowcom drilling"
"572","tide tyred crosby httt waste litter"
"573","sums dailymail readers really change result"
"574","wwwdegreesorgukforests forests"
"575","registered yet registration free wwwgeodrillingshowcom drilling pilling construction"
"576","researching whether crosby sefton sea defences going ahead light recently announced cuts funds liverpool"
"577","stoczkiewicz social aspects lost slight change competetiveness might loose singlemarket europe eu"
"578","magda stoczkiewicz faults singlemarket sustainabledevelopment reflected impact citizens socialissues"
"579","increase co"
"580","global temperature index anomaly °c"
"581","global temperature anomaly °c seasonal q q"
"582","bbc news uk set high end climate costs floods spread"
"583","quiz recycling habits"
"584","quiz pv stand"
"585","quiz solar power water heater"
"586","quiz solar panel"
"587","australian climate variability change december"
"588","spot oil price west texas intermediate rising"
"589","whether think think right exhibit visit wwwgeodrillingshowcom drilling geothermal"
"590","men sake getting living forget live become driller"
"591","democratic party id drops tying year low"
"592","poll solar panels home"
"593","yummy local farms dutchfood slowfood organic"
"594","sign online activist greenpeace"
"595","amazing chernobyl dead zone ecohaven"
"596","exhibitors"
"597","excellence skill attitude mind visit geodrilling"
"598","solarbuzz worldwide photovoltaic market growth forecasted"
"599","poll house solar panels"
"600","first tweet year quite quiet brilliant new cancer campaign france"
"601","gallup daily us life evaluation may jan"
"602","us solar module retail price watt peak jan"
"603","gallup healthways poll hawaii leads wellbeing west virginia ranks last"
"604","gallup healthways wellindex nov"
"605","galluppoll nov us adults sick allergies given day"
"606","enjoy sandart ilana yahav"
"607","enjoy andy goldsworthys landart"
"608","infographic map global co emissions simulation"
"609","top greenhouse gases rise"
"610","need save energy view slideshow"
"611","contraption adhoc pollution measurement new years eve fireworks due one hour"
"612","best green technology"
"613","ökostrom preisvergleich calculator"
"614","urbanization dubai click play"
"615","european – state outlook green front eea"
"616","respect da gennaio addio ai sacchetti di plastica"
"617","global tempertures anomaly"
"618","hot press latest heal newsletter ready waiting"
"619","disconnect scientific community know cancer patients told huge"
"620","wwfus nasa reports november warmest record"
"621","international guidelines set chemical pollutants indoorair"
"622","ordering online cool packaging option nicer"
"623","toxic bisphenol found us shopping receipts dollar bills"
"624","meet google earth steroids video"
"625","average monthly arcric sea ice extent november"
"626","sea ice extent arctic nov"
"627","november arctic sea ice extent"
"628","cancúnogram per capita emissions"
